<?xml version="1.0"?>
<!DOCTYPE hibernate-mapping PUBLIC "-//Hibernate/Hibernate Mapping DTD 3.0//EN"
"http://hibernate.sourceforge.net/hibernate-mapping-3.0.dtd">
<!-- Generated 18/08/2013 10:09:47 AM by Hibernate Tools 3.2.1.GA -->
<hibernate-mapping>
    <class name="Model.Categorias" table="categorias" catalog="global">
        <id name="claveCategoria" type="java.lang.Integer">
            <column name="claveCategoria" />
            <generator class="identity" />
        </id>
        <property name="categoria" type="string">
            <column name="categoria" length="20" not-null="true" />
        </property>
        <property name="descripcion" type="string">
            <column name="descripcion" length="25" />
        </property>
        <set name="detallesproductoses" inverse="true">
            <key>
                <column name="categorias" not-null="true" />
            </key>
            <one-to-many class="Model.Detallesproductos" />
        </set>
    </class>
</hibernate-mapping>
