<?xml version="1.0"?>
<!DOCTYPE hibernate-mapping PUBLIC "-//Hibernate/Hibernate Mapping DTD 3.0//EN"
"http://hibernate.sourceforge.net/hibernate-mapping-3.0.dtd">
<!-- Generated 18/08/2013 10:09:47 AM by Hibernate Tools 3.2.1.GA -->
<hibernate-mapping>
    <class name="Model.Clientes" table="clientes" catalog="global">
        <id name="claveCliente" type="java.lang.Integer">
            <column name="claveCliente" />
            <generator class="identity" />
        </id>
        <many-to-one name="personas" class="Model.Personas" fetch="select">
            <column name="persona" />
        </many-to-one>
        <property name="fechaRegistro" type="timestamp">
            <column name="fechaRegistro" length="19" not-null="true" />
        </property>
        <property name="activo" type="boolean">
            <column name="activo" not-null="true" />
        </property>
        <property name="tipoCliente" type="boolean">
            <column name="tipoCliente" not-null="true" />
        </property>
        <set name="presupuestoses" inverse="true">
            <key>
                <column name="cliente" not-null="true" />
            </key>
            <one-to-many class="Model.Presupuestos" />
        </set>
        <set name="historialeses" inverse="true">
            <key>
                <column name="cliente" not-null="true" />
            </key>
            <one-to-many class="Model.Historiales" />
        </set>
    </class>
</hibernate-mapping>
