<?xml version="1.0"?>
<!DOCTYPE hibernate-mapping PUBLIC "-//Hibernate/Hibernate Mapping DTD 3.0//EN"
"http://hibernate.sourceforge.net/hibernate-mapping-3.0.dtd">
<!-- Generated 18/08/2013 10:09:47 AM by Hibernate Tools 3.2.1.GA -->
<hibernate-mapping>
    <class name="Model.Contactos" table="contactos" catalog="global">
        <id name="claveContacto" type="java.lang.Integer">
            <column name="claveContacto" />
            <generator class="identity" />
        </id>
        <many-to-one name="empresasproveedoras" class="Model.Empresasproveedoras" fetch="select">
            <column name="empresa" not-null="true" />
        </many-to-one>
        <many-to-one name="personas" class="Model.Personas" fetch="select">
            <column name="persona" not-null="true" />
        </many-to-one>
        <property name="fechaRegistro" type="date">
            <column name="fechaRegistro" length="10" not-null="true" />
        </property>
        <property name="activo" type="boolean">
            <column name="activo" not-null="true" />
        </property>
        <property name="telefono" type="string">
            <column name="telefono" length="12" />
        </property>
    </class>
</hibernate-mapping>
