<?xml version="1.0"?>
<!DOCTYPE hibernate-mapping PUBLIC "-//Hibernate/Hibernate Mapping DTD 3.0//EN"
"http://hibernate.sourceforge.net/hibernate-mapping-3.0.dtd">
<!-- Generated 18/08/2013 10:09:47 AM by Hibernate Tools 3.2.1.GA -->
<hibernate-mapping>
    <class name="Model.Detallesproductos" table="detallesproductos" catalog="global">
        <id name="claveProducto" type="java.lang.Integer">
            <column name="claveProducto" />
            <generator class="identity" />
        </id>
        <many-to-one name="categorias" class="Model.Categorias" fetch="select">
            <column name="categorias" not-null="true" />
        </many-to-one>
        <many-to-one name="productos" class="Model.Productos" fetch="select">
            <column name="producto" not-null="true" />
        </many-to-one>
        <many-to-one name="empresasproveedoras" class="Model.Empresasproveedoras" fetch="select">
            <column name="empresa" not-null="true" />
        </many-to-one>
        <many-to-one name="marcas" class="Model.Marcas" fetch="select">
            <column name="marca" not-null="true" />
        </many-to-one>
        <many-to-one name="sucursales" class="Model.Sucursales" fetch="select">
            <column name="sucursal" not-null="true" />
        </many-to-one>
        <many-to-one name="calidades" class="Model.Calidades" fetch="select">
            <column name="calidad" not-null="true" />
        </many-to-one>
        <many-to-one name="unidadesmediciones" class="Model.Unidadesmediciones" fetch="select">
            <column name="unidadMedicion" not-null="true" />
        </many-to-one>
        <property name="precioUnitario" type="float">
            <column name="precioUnitario" precision="12" scale="0" not-null="true" />
        </property>
        <property name="fechaRegistro" type="date">
            <column name="fechaRegistro" length="10" not-null="true" />
        </property>
        <property name="existencias" type="int">
            <column name="existencias" not-null="true" />
        </property>
        <property name="activo" type="boolean">
            <column name="activo" not-null="true" />
        </property>
    </class>
</hibernate-mapping>
