<?xml version="1.0"?>
<!DOCTYPE hibernate-mapping PUBLIC "-//Hibernate/Hibernate Mapping DTD 3.0//EN"
"http://hibernate.sourceforge.net/hibernate-mapping-3.0.dtd">
<!-- Generated 18/08/2013 10:09:47 AM by Hibernate Tools 3.2.1.GA -->
<hibernate-mapping>
    <class name="Model.Detallescompras" table="detallescompras" catalog="global">
        <composite-id name="id" class="Model.DetallescomprasId">
            <key-property name="claveDetallesCompra" type="int">
                <column name="claveDetallesCompra" />
            </key-property>
            <key-property name="compraCliente" type="int">
                <column name="compraCliente" />
            </key-property>
            <key-property name="producto" type="int">
                <column name="producto" />
            </key-property>
        </composite-id>
        <many-to-one name="productos" class="Model.Productos" update="false" insert="false" fetch="select">
            <column name="producto" not-null="true" />
        </many-to-one>
        <many-to-one name="comprasclientes" class="Model.Comprasclientes" update="false" insert="false" fetch="select">
            <column name="compraCliente" not-null="true" />
        </many-to-one>
        <property name="cantidad" type="int">
            <column name="cantidad" not-null="true" />
        </property>
    </class>
</hibernate-mapping>
