<?xml version="1.0"?>
<!DOCTYPE hibernate-mapping PUBLIC "-//Hibernate/Hibernate Mapping DTD 3.0//EN"
"http://hibernate.sourceforge.net/hibernate-mapping-3.0.dtd">
<!-- Generated 18/08/2013 10:09:47 AM by Hibernate Tools 3.2.1.GA -->
<hibernate-mapping>
    <class name="Model.Empresasproveedoras" table="empresasproveedoras" catalog="global">
        <id name="claveEmpresa" type="java.lang.Integer">
            <column name="claveEmpresa" />
            <generator class="identity" />
        </id>
        <many-to-one name="direcciones" class="Model.Direcciones" fetch="select">
            <column name="direccion" not-null="true" />
        </many-to-one>
        <property name="rfc" type="string">
            <column name="RFC" length="12" not-null="true" />
        </property>
        <property name="nombre" type="string">
            <column name="nombre" length="45" not-null="true" />
        </property>
        <property name="razonSocial" type="string">
            <column name="razonSocial" length="45" not-null="true" />
        </property>
        <property name="fechaRegistro" type="date">
            <column name="fechaRegistro" length="10" not-null="true" />
        </property>
        <property name="activo" type="boolean">
            <column name="activo" not-null="true" />
        </property>
        <property name="telefono" type="string">
            <column name="telefono" length="12" />
        </property>
        <set name="detallesproductoses" inverse="true">
            <key>
                <column name="empresa" not-null="true" />
            </key>
            <one-to-many class="Model.Detallesproductos" />
        </set>
        <set name="contactoses" inverse="true">
            <key>
                <column name="empresa" not-null="true" />
            </key>
            <one-to-many class="Model.Contactos" />
        </set>
    </class>
</hibernate-mapping>
