<?xml version="1.0"?>
<!DOCTYPE hibernate-mapping PUBLIC "-//Hibernate/Hibernate Mapping DTD 3.0//EN"
"http://hibernate.sourceforge.net/hibernate-mapping-3.0.dtd">
<!-- Generated 18/08/2013 10:09:47 AM by Hibernate Tools 3.2.1.GA -->
<hibernate-mapping>
    <class name="Model.Facturas" table="facturas" catalog="global">
        <id name="claveFactura" type="java.lang.Integer">
            <column name="claveFactura" />
            <generator class="identity" />
        </id>
        <many-to-one name="historiales" class="Model.Historiales" fetch="select">
            <column name="historial" not-null="true" />
        </many-to-one>
        <many-to-one name="comprasclientes" class="Model.Comprasclientes" fetch="select">
            <column name="venta" not-null="true" />
        </many-to-one>
        <property name="fechaFactura" type="timestamp">
            <column name="fechaFactura" length="19" not-null="true" />
        </property>
    </class>
</hibernate-mapping>
