<?xml version="1.0"?>
<!DOCTYPE hibernate-mapping PUBLIC "-//Hibernate/Hibernate Mapping DTD 3.0//EN"
"http://hibernate.sourceforge.net/hibernate-mapping-3.0.dtd">
<!-- Generated 18/08/2013 10:09:47 AM by Hibernate Tools 3.2.1.GA -->
<hibernate-mapping>
    <class name="Model.Formaspagos" table="formaspagos" catalog="global">
        <id name="claveFormasPagos" type="java.lang.Integer">
            <column name="claveFormasPagos" />
            <generator class="identity" />
        </id>
        <property name="formaPago" type="string">
            <column name="formaPago" length="25" not-null="true" />
        </property>
        <property name="descripcion" type="string">
            <column name="descripcion" length="30" />
        </property>
        <set name="comprasclienteses" inverse="true">
            <key>
                <column name="formaPago" not-null="true" />
            </key>
            <one-to-many class="Model.Comprasclientes" />
        </set>
    </class>
</hibernate-mapping>
