<?xml version="1.0"?>
<!DOCTYPE hibernate-mapping PUBLIC "-//Hibernate/Hibernate Mapping DTD 3.0//EN"
"http://hibernate.sourceforge.net/hibernate-mapping-3.0.dtd">
<!-- Generated 18/08/2013 10:09:47 AM by Hibernate Tools 3.2.1.GA -->
<hibernate-mapping>
    <class name="Model.Historiales" table="historiales" catalog="global">
        <id name="claveHistorial" type="java.lang.Integer">
            <column name="claveHistorial" />
            <generator class="identity" />
        </id>
        <many-to-one name="clientes" class="Model.Clientes" fetch="select">
            <column name="cliente" not-null="true" />
        </many-to-one>
        <property name="ultimaCompra" type="date">
            <column name="ultimaCompra" length="10" not-null="true" />
        </property>
        <property name="montoTotalUltimaCompra" type="float">
            <column name="montoTotalUltimaCompra" precision="12" scale="0" not-null="true" />
        </property>
        <property name="total" type="float">
            <column name="total" precision="12" scale="0" not-null="true" />
        </property>
        <set name="facturases" inverse="true">
            <key>
                <column name="historial" not-null="true" />
            </key>
            <one-to-many class="Model.Facturas" />
        </set>
        <set name="comprasclienteses" inverse="true">
            <key>
                <column name="historial" not-null="true" />
            </key>
            <one-to-many class="Model.Comprasclientes" />
        </set>
    </class>
</hibernate-mapping>
