<?xml version="1.0"?>
<!DOCTYPE hibernate-mapping PUBLIC "-//Hibernate/Hibernate Mapping DTD 3.0//EN"
"http://hibernate.sourceforge.net/hibernate-mapping-3.0.dtd">
<!-- Generated 18/08/2013 10:09:47 AM by Hibernate Tools 3.2.1.GA -->
<hibernate-mapping>
    <class name="Model.Personas" table="personas" catalog="global">
        <id name="idPersona" type="java.lang.Integer">
            <column name="idPersona" />
            <generator class="identity" />
        </id>
        <many-to-one name="domicilios" class="Model.Domicilios" fetch="select">
            <column name="domicilio" />
        </many-to-one>
        <property name="nombre" type="string">
            <column name="nombre" length="45" not-null="true" />
        </property>
        <property name="apellidoPaterno" type="string">
            <column name="apellidoPaterno" length="45" not-null="true" />
        </property>
        <property name="apellidoMaterno" type="string">
            <column name="apellidoMaterno" length="45" not-null="true" />
        </property>
        <property name="telefono" type="string">
            <column name="telefono" length="12" />
        </property>
        <set name="contactoses" inverse="true">
            <key>
                <column name="persona" not-null="true" />
            </key>
            <one-to-many class="Model.Contactos" />
        </set>
        <set name="clienteses" inverse="true">
            <key>
                <column name="persona" />
            </key>
            <one-to-many class="Model.Clientes" />
        </set>
    </class>
</hibernate-mapping>
