<?xml version="1.0"?>
<!DOCTYPE hibernate-mapping PUBLIC "-//Hibernate/Hibernate Mapping DTD 3.0//EN"
"http://hibernate.sourceforge.net/hibernate-mapping-3.0.dtd">
<!-- Generated 18/08/2013 10:09:47 AM by Hibernate Tools 3.2.1.GA -->
<hibernate-mapping>
    <class name="Model.Presupuestos" table="presupuestos" catalog="global">
        <id name="clave" type="java.lang.Integer">
            <column name="clave" />
            <generator class="identity" />
        </id>
        <many-to-one name="clientes" class="Model.Clientes" fetch="select">
            <column name="cliente" not-null="true" />
        </many-to-one>
        <many-to-one name="productos" class="Model.Productos" fetch="select">
            <column name="producto" not-null="true" />
        </many-to-one>
        <property name="fechaPresupuesto" type="date">
            <column name="fechaPresupuesto" length="10" not-null="true" />
        </property>
        <property name="montoTotal" type="float">
            <column name="montoTotal" precision="12" scale="0" not-null="true" />
        </property>
    </class>
</hibernate-mapping>
