<?xml version="1.0"?>
<!DOCTYPE hibernate-mapping PUBLIC "-//Hibernate/Hibernate Mapping DTD 3.0//EN"
"http://hibernate.sourceforge.net/hibernate-mapping-3.0.dtd">
<!-- Generated 18/08/2013 10:09:47 AM by Hibernate Tools 3.2.1.GA -->
<hibernate-mapping>
    <class name="Model.Sucursales" table="sucursales" catalog="global">
        <id name="claveSucursal" type="java.lang.Integer">
            <column name="claveSucursal" />
            <generator class="identity" />
        </id>
        <property name="nombre" type="string">
            <column name="nombre" length="30" not-null="true" />
        </property>
        <property name="descripcion" type="string">
            <column name="descripcion" length="45" not-null="true" />
        </property>
        <set name="detallesproductoses" inverse="true">
            <key>
                <column name="sucursal" not-null="true" />
            </key>
            <one-to-many class="Model.Detallesproductos" />
        </set>
        <set name="usuarioses" inverse="true">
            <key>
                <column name="sucursal" not-null="true" />
            </key>
            <one-to-many class="Model.Usuarios" />
        </set>
    </class>
</hibernate-mapping>
