<?xml version="1.0"?>
<!DOCTYPE hibernate-mapping PUBLIC "-//Hibernate/Hibernate Mapping DTD 3.0//EN"
"http://hibernate.sourceforge.net/hibernate-mapping-3.0.dtd">
<!-- Generated 18/08/2013 10:09:47 AM by Hibernate Tools 3.2.1.GA -->
<hibernate-mapping>
    <class name="Model.Usuarios" table="usuarios" catalog="global">
        <id name="clave" type="java.lang.Integer">
            <column name="clave" />
            <generator class="identity" />
        </id>
        <many-to-one name="sucursales" class="Model.Sucursales" fetch="select">
            <column name="sucursal" not-null="true" />
        </many-to-one>
        <property name="username" type="string">
            <column name="username" length="45" not-null="true" />
        </property>
        <property name="password" type="string">
            <column name="password" length="45" not-null="true" />
        </property>
        <property name="tipo" type="string">
            <column name="tipo" length="14" not-null="true" />
        </property>
        <property name="preguntaSeguridad" type="string">
            <column name="preguntaSeguridad" length="45" not-null="true" />
        </property>
        <property name="respuesta" type="string">
            <column name="respuesta" length="45" not-null="true" />
        </property>
    </class>
</hibernate-mapping>
