<?xml version="1.0" encoding="UTF-8"?>
<project-private xmlns="http://www.netbeans.org/ns/project-private/1">
    <editor-bookmarks xmlns="http://www.netbeans.org/ns/editor-bookmarks/2" lastBookmarkId="0"/>
    <open-files xmlns="http://www.netbeans.org/ns/projectui-open-files/2">
        <group>
            <file>file:/C:/Users/toshiba/Documents/NetBeansProjects/ProyectoPROGRA3-21/src/Clientes/ClienteA.java</file>
            <file>file:/C:/Users/toshiba/Documents/NetBeansProjects/ProyectoPROGRA3-21/src/Compra/Venta/CompraProducto.java</file>
            <file>file:/C:/Users/toshiba/Documents/NetBeansProjects/ProyectoPROGRA3-21/src/LCL/Lobby.java</file>
            <file>file:/C:/Users/toshiba/Documents/NetBeansProjects/ProyectoPROGRA3-21/src/LCL/CambioUSDCRC.java</file>
            <file>file:/C:/Users/toshiba/Documents/NetBeansProjects/ProyectoPROGRA3-21/src/LCL/Login.java</file>
            <file>file:/C:/Users/toshiba/Documents/NetBeansProjects/ProyectoPROGRA3-21/src/Compra/Venta/Factura.java</file>
        </group>
    </open-files>
</project-private>
